title,department,openings,locations,all_locations,regions,remote_available
Hybrid Development Representative,Sales,17,"Austin, Texas, United States; Cincinnati, Ohio, United States; Cleveland, Ohio, United States (and 14 more)","Austin, Texas, United States | Cincinnati, Ohio, United States | Cleveland, Ohio, United States | Columbus, Ohio, United States | Dallas, Texas, United States | Houston, Texas, United States | Jacksonville, Florida, United States | Jersey City, New Jersey, United States | Los Angeles, California, United States | Miami, Florida, United States | New York, United States | Orlando, Florida, United States | Philadelphia, Pennsylvania, United States | San Antonio, Texas, United States | San Diego, California, United States | San Francisco, California, United States | Tampa, Florida, United States",Not specified,No
Bilingual Business Development Representative (Mandarin),Sales,10,"Cincinnati, Ohio, United States; Cleveland, Ohio, United States; Columbus, Ohio, United States (and 7 more)","Cincinnati, Ohio, United States | Cleveland, Ohio, United States | Columbus, Ohio, United States | Jacksonville, Florida, United States | Jersey City, New Jersey, United States | Miami, Florida, United States | New York, United States | Orlando, Florida, United States | Philadelphia, Pennsylvania, United States | Tampa, Florida, United States",Not specified,No
Flex Growth Account Executive,Sales,8,"Baltimore, Maryland, United States; Boston, Massachusetts, United States; Charlotte, North Carolina, United States (and 5 more)","Baltimore, Maryland, United States | Boston, Massachusetts, United States | Charlotte, North Carolina, United States | Chicago, Illinois, United States | Miami, Florida, United States | Philadelphia, Pennsylvania, United States | Washington, District of Columbia, United States",Not specified,No
"Territory Account Executive, Retail - Stockton/Modesto, CA",Sales,6,"Atwater, California, United States; Livermore, California, United States; Modesto, California, United States (and 3 more)","Atwater, California, United States | Livermore, California, United States | Modesto, California, United States | Sacramento, California, United States | Stockton, California, United States | Tracy, California, United States",Not specified,No
Growth Sales Account Executive,Sales,4,"Oklahoma City, Oklahoma, United States; Phoenix, Arizona, United States; Scottsdale, Arizona, United States (and 1 more)","Oklahoma City, Oklahoma, United States | Phoenix, Arizona, United States | Scottsdale, Arizona, United States | Springfield, Missouri, United States",Not specified,No
"Manager, Consumer Protection & AI Compliance",Legal,3,"Boston, Massachusetts, United States; New York, United States; San Francisco, California, United States","Boston, Massachusetts, United States | New York, United States | San Francisco, California, United States",Not specified,No
"Territory Account Executive, Retail - East North Carolina",Sales,3,"Fayetteville, North Carolina, United States; Myrtle Beach, South Carolina, United States; Wilmington, North Carolina, United States","Fayetteville, North Carolina, United States | Myrtle Beach, South Carolina, United States | Wilmington, North Carolina, United States",Not specified,No
"Territory Account Executive, Retail - West, TX",Sales,3,"Amarillo, Texas, United States; Midland, Texas, United States; Odessa, Texas, United States","Amarillo, Texas, United States | Midland, Texas, United States | Odessa, Texas, United States",Not specified,No
Corporate Development Deal Lead,Finance,2,"New York, United States; San Francisco, California, United States","New York, United States | San Francisco, California, United States",Not specified,No
"Counsel, Partnerships & Commerce",Legal,2,"Boston, Massachusetts, United States; New York, United States","Boston, Massachusetts, United States | New York, United States",Not specified,No
"Flex Strategic Cuisine Territory Account Executive (Spanish/Bilingual)-East Coast, USA",Sales,2,"Long Island, New York, United States; Raleigh, North Carolina, United States","Long Island, New York, United States | Raleigh, North Carolina, United States",Not specified,No
Growth Account Executive,Sales,2,"Durham, North Carolina, United States; Raleigh, North Carolina, United States","Durham, North Carolina, United States | Raleigh, North Carolina, United States",Not specified,No
Growth Flex Account Executive,Sales,2,"Phoenix, Arizona, United States; San Diego, California, United States","Phoenix, Arizona, United States | San Diego, California, United States",Not specified,No
"Manager II, Customer Care Tax",Customer Success,2,"; Remote, United States"," | Remote, United States",Not specified,Yes
Senior Customer Success Manager II - Enterprise,Customer Success,2,"; Arlington, Virginia, United States"," | Arlington, Virginia, United States",Not specified,No
Staff Software Engineer,Engineering,2,"Bengaluru, Karnataka, India; Boston, Massachusetts, United States","Bengaluru, Karnataka, India | Boston, Massachusetts, United States",Not specified,No
"Territory Account Executive, Retail - ABQ, NM",Sales,2,"Albuquerque, New Mexico, United States; Santa Fe, New Mexico, United States","Albuquerque, New Mexico, United States | Santa Fe, New Mexico, United States",Not specified,No
"Territory Account Executive, Retail - East CT",Sales,2,"New Haven, Connecticut, United States; Windham, Connecticut, United States","New Haven, Connecticut, United States | Windham, Connecticut, United States",Not specified,No
"Territory Account Executive, Retail - Jackson/Tuscaloosa",Sales,2,"Jackson, Mississippi, United States; Tuscaloosa, Alabama, United States","Jackson, Mississippi, United States | Tuscaloosa, Alabama, United States",Not specified,No
"Territory Account Executive, SMB - Cleveland, OH",Sales,2,"Cleveland, Ohio, United States","Cleveland, Ohio, United States",Not specified,No
API Integrations Expert,Customer Success,1,"Omaha, Nebraska, United States","Omaha, Nebraska, United States",Not specified,No
"Account Executive (Hindi), Strategic Cuisines - Remote, U.S.",Sales,1,,,Not specified,Yes
Accounting Manager,Finance,1,"Chennai, Tamil Nadu, India","Chennai, Tamil Nadu, India",Not specified,No
"Analyst 1, Payments Pricing & Operations",Fintech,1,"Chennai, Tamil Nadu, India","Chennai, Tamil Nadu, India",Not specified,No
Associate Hardware Quality Engineer,Hardware,1,"Boston, Massachusetts, United States","Boston, Massachusetts, United States",Not specified,No
"Bilingual Mandarin Houston, TX Strategic Cuisines Account Executive",Sales,1,"Houston, Texas, United States","Houston, Texas, United States",Not specified,No
Bilingual Mandarin Strategic Cuisines Account Executive (Northeast),Sales,1,"Boston, Massachusetts, United States","Boston, Massachusetts, United States",Not specified,No
Bilingual Mandarin Strategic Cuisines Flex Account Executive - West Coast,Sales,1,United States,United States,Not specified,No
Bilingual Thai Strategic Cuisines Account Executive,Sales,1,"Texas, United States","Texas, United States",Not specified,No
Bilingual Thai Strategic Cuisines Account Executive - Northeast,Sales,1,"Boston, Massachusetts, United States","Boston, Massachusetts, United States",Not specified,No
Bilingual Vietnamese Strategic Cuisines Account Executive- Central,Sales,1,"Texas, United States","Texas, United States",Not specified,No
"Bloomington, Indiana Territory Account Executive",Sales,1,"Bloomington, Indiana, United States","Bloomington, Indiana, United States",Not specified,No
Business Continuity Manager,Legal,1,"Bengaluru, Karnataka, India","Bengaluru, Karnataka, India",Not specified,No
"Business Development Manager, CBG",Sales,1,,,Not specified,No
Collections Representative,Finance,1,,,Not specified,No
"Coral Springs, FL Territory Account Executive",Sales,1,"Coral Springs, Florida, United States","Coral Springs, Florida, United States",Not specified,No
Credit Risk Senior Analyst,Fintech,1,"Bengaluru, Karnataka, India","Bengaluru, Karnataka, India",Not specified,No
Customer Advocacy & Storytelling Lead,Marketing,1,"Remote, United States","Remote, United States",Not specified,Yes
Customer Care Tax Expert,Customer Success,1,"Remote, United States","Remote, United States",Not specified,Yes
"Director - People Operations, Shared Services",People & Places,1,"Chennai, Tamil Nadu, India","Chennai, Tamil Nadu, India",Not specified,No
Director of Corporate Engineering,Enterprise Tech,1,"Bengaluru, Karnataka, India","Bengaluru, Karnataka, India",Not specified,No
"Director of Product Management, Card Readers",Product,1,"Dublin, County Dublin, Ireland","Dublin, County Dublin, Ireland",Not specified,No
Director of Talent Acquisition Operations,People & Places,1,"New York, United States","New York, United States",Not specified,No
"Director, Care Analytics",Customer Success,1,"Boston, Massachusetts, United States","Boston, Massachusetts, United States",Not specified,No
"Director, Data Engineering & Infrastructure (Customer Success)",Customer Success,1,"Boston, Massachusetts, United States","Boston, Massachusetts, United States",Not specified,No
"Director, FinTech Counsel",Legal,1,,,Not specified,No
"Director, Fintech Compliance",Legal,1,"Remote, United States","Remote, United States",Not specified,Yes
"Director, Talent Acquisition Operations",People & Places,1,"San Francisco, California, United States","San Francisco, California, United States",Not specified,No
"District Manager, SMB - Atlanta, GA",Sales,1,"Atlanta, Georgia, United States","Atlanta, Georgia, United States",Not specified,No
"District Manager, SMB - Michigan/Indiana",Sales,1,"Grand Rapids, Michigan, United States","Grand Rapids, Michigan, United States",Not specified,No
"District Manager, SMB - Seattle, WA",Sales,1,"Seattle, Washington, United States","Seattle, Washington, United States",Not specified,No
East Coast Mandarin Strategic Cuisines Inside Account Executive,Sales,1,"Boston, Massachusetts, United States","Boston, Massachusetts, United States",Not specified,No
Equity Analyst -Stock Plan Administrator,People & Places,1,"Chennai, Tamil Nadu, India","Chennai, Tamil Nadu, India",Not specified,No
Flex (Mid Atlantic Region) Territory Account Executive,Sales,1,"Washington, District of Columbia, United States","Washington, District of Columbia, United States",Not specified,No
"Flex Account Executive , SMB - New York, NY",Sales,1,"New York, United States","New York, United States",Not specified,No
"Flex Strategic Cuisine Territory Account Executive (Spanish/Bilingual), South Central, USA",Sales,1,"Oklahoma City, Oklahoma, United States","Oklahoma City, Oklahoma, United States",Not specified,No
"Flex Strategic Cuisine Territory Account Executive (Spanish/Bilingual), West Coast, USA",Sales,1,"San Francisco, California, United States","San Francisco, California, United States",Not specified,No
"Flex Strategic Cuisine Territory Account Executive (Spanish/Bilingual)-Central, USA",Sales,1,"Lansing, Michigan, United States","Lansing, Michigan, United States",Not specified,No
Hybrid Development Representative Manager,Sales,1,,,Not specified,No
"Inside Account Executive(Mandarin), Strategic Cuisines - Remote, U.S.",Sales,1,,,Not specified,Yes
"Jacksonville, FL Territory Account Executive",Sales,1,"Jacksonville, Florida, United States","Jacksonville, Florida, United States",Not specified,No
"Jersey City, NJ Mandarin Strategic Cuisines Account Executive",Sales,1,"Jersey City, New Jersey, United States","Jersey City, New Jersey, United States",Not specified,No
Lead Technical Compliance Analyst,Product,1,"Dublin, County Dublin, Ireland","Dublin, County Dublin, Ireland",Not specified,No
Lead Technical Governance Analyst,Product,1,,,Not specified,No
"Manager, Content Partnerships",Marketing,1,"Boston, Massachusetts, United States","Boston, Massachusetts, United States",Not specified,No
"Manager, Paid Search",Marketing,1,"Boston, Massachusetts, United States","Boston, Massachusetts, United States",Not specified,No
"Manager, Paid Social",Marketing,1,"Boston, Massachusetts, United States","Boston, Massachusetts, United States",Not specified,No
"Manager, Privacy Specialist",Legal,1,"Bengaluru, Karnataka, India","Bengaluru, Karnataka, India",Not specified,No
Mandarin Strategic Cuisines Inside Account Executive,Sales,1,"Chicago, Illinois, United States","Chicago, Illinois, United States",Not specified,No
NetSuite Administrator,Enterprise Tech,1,"Bengaluru, Karnataka, India","Bengaluru, Karnataka, India",Not specified,No
North Atlantic Flex Account Executive,Sales,1,"Philadelphia, Pennsylvania, United States","Philadelphia, Pennsylvania, United States",Not specified,No
"Pittsburgh, PA Territory Account Executive",Sales,1,"Pittsburgh, Pennsylvania, United States","Pittsburgh, Pennsylvania, United States",Not specified,No
Principal - Credit Risk Strategy,Fintech,1,United States,United States,Not specified,No
"Principal Fraud Analyst, Payments & Onboarding",Fintech,1,United States,United States,Not specified,No
Principal Product Manager - Toast IQ,Product,1,"New York, United States","New York, United States",Not specified,No
"Principal Product Manager, Delivery",Product,1,United States,United States,Not specified,No
Principal Revenue Data Analyst,Finance,1,"San Francisco, California, United States","San Francisco, California, United States",Not specified,No
Principal Software Engineer,,1,"Dublin, County Dublin, Ireland","Dublin, County Dublin, Ireland",Not specified,No
Principal Software Engineer - Payments,Engineering,1,"Bengaluru, Karnataka, India","Bengaluru, Karnataka, India",Not specified,No
"Principal Software Engineer - Payments, Fraud & Risk",Engineering,1,"Bengaluru, Karnataka, India","Bengaluru, Karnataka, India",Not specified,No
Principal Technical Architect - HR Ecosystem,People & Places,1,"Chennai, Tamil Nadu, India","Chennai, Tamil Nadu, India",Not specified,No
"Principal, Workday PAT Analyst",People & Places,1,,,Not specified,No
Product Analyst,Product,1,"Remote, United States","Remote, United States",Not specified,Yes
"Product Designer, Guest",Design,1,"Dublin, County Dublin, Ireland","Dublin, County Dublin, Ireland",Not specified,No
"Product Lead, Toast Partner Ecosystem",Product,1,"Boston, Massachusetts, United States","Boston, Massachusetts, United States",Not specified,No
"Product Manager, Employee Compensation",Product,1,"Remote, United States","Remote, United States",Not specified,Yes
"Sales District Manager, Toast Retail - Phoenix, AZ",Sales,1,"Phoenix, Arizona, United States","Phoenix, Arizona, United States",Not specified,No
Senior Accounts Payable Specialist,Finance,1,"Chennai, Tamil Nadu, India","Chennai, Tamil Nadu, India",Not specified,No
Senior Android Engineer,Engineering,1,"Dublin, County Dublin, Ireland","Dublin, County Dublin, Ireland",Not specified,No
"Senior Associate Retail, Event Marketing",Marketing,1,,,Not specified,No
Senior Corporate Security Analyst,Engineering,1,"Bengaluru, Karnataka, India","Bengaluru, Karnataka, India",Not specified,No
"Senior Customer Success Manager I, RMM",Customer Success,1,,,Not specified,No
"Senior Customer Success Manager, RMM - New York City",Customer Success,1,"New York, United States","New York, United States",Not specified,No
"Senior Data Analyst, Consumer",Product,1,"Boston, Massachusetts, United States","Boston, Massachusetts, United States",Not specified,No
Senior Data Scientist,Engineering,1,"Remote, United States","Remote, United States",Not specified,Yes
"Senior Director, Software Engineering - Payments, Fraud & Risk",Engineering,1,"Bengaluru, Karnataka, India","Bengaluru, Karnataka, India",Not specified,No
"Senior Fullstack Engineer, New Ventures",Product,1,"Boston, Massachusetts, United States","Boston, Massachusetts, United States",Not specified,No
Senior HRIS Analyst,People & Places,1,"Chennai, Tamil Nadu, India","Chennai, Tamil Nadu, India",Not specified,No
Senior Hardware Program Manager,Product,1,"Taipei City, Taiwan","Taipei City, Taiwan",Not specified,No
"Senior Manager, Data Science and Machine Learning",Engineering,1,"Remote, United States","Remote, United States",Not specified,Yes
"Senior Manager, Digital Upsell Strategy",Marketing,1,,,Not specified,No
"Senior Manager, Disaster Recovery & Business Continuity",Legal,1,"Bengaluru, Karnataka, India","Bengaluru, Karnataka, India",Not specified,No
"Senior Manager, Marketing Services",Marketing,1,,,Not specified,No
"Senior Manager, Payments Optimization",Fintech,1,United States,United States,Not specified,No
"Senior Manager, Revenue Accounting",Finance,1,"Chennai, Tamil Nadu, India","Chennai, Tamil Nadu, India",Not specified,No
"Senior Manager, Trade and Hardware Compliance",Legal,1,"Boston, Massachusetts, United States","Boston, Massachusetts, United States",Not specified,No
Senior Product Analyst,Product,1,"Remote, United States","Remote, United States",Not specified,Yes
"Senior Product Manager, Core Payments",Product,1,"Remote, United States","Remote, United States",Not specified,Yes
"Senior Product Manager, Enterprise Systems",Enterprise Tech,1,"Remote, United States","Remote, United States",Not specified,Yes
Senior Product Manager- Guest Engagement,Product,1,"Dublin, County Dublin, Ireland","Dublin, County Dublin, Ireland",Not specified,No
Senior Revenue Accountant,Finance,1,"Chennai, Tamil Nadu, India","Chennai, Tamil Nadu, India",Not specified,No
Senior Revenue Accounting Manager,Finance,1,"Remote, United States","Remote, United States",Not specified,Yes
Senior Salesforce Developer,Enterprise Tech,1,"Bengaluru, Karnataka, India","Bengaluru, Karnataka, India",Not specified,No
Senior Software Engineer,Engineering,1,"Chennai, Tamil Nadu, India","Chennai, Tamil Nadu, India",Not specified,No
"Senior Software Engineer (Frontend), Financial Management",Engineering,1,United States,United States,Not specified,No
Senior Software Engineer - Back End,Engineering,1,"Chennai, Tamil Nadu, India","Chennai, Tamil Nadu, India",Not specified,No
Senior Software Engineer - Full Stack,Engineering,1,"Chennai, Tamil Nadu, India","Chennai, Tamil Nadu, India",Not specified,No
Senior Software Engineer - Modern Dining,Engineering,1,"Dublin, County Dublin, Ireland","Dublin, County Dublin, Ireland",Not specified,No
Senior Software Engineer - Toast IQ,,1,"Remote, United States","Remote, United States",Not specified,Yes
"Senior Software Engineer, Android",Engineering,1,"Dublin, County Dublin, Ireland","Dublin, County Dublin, Ireland",Not specified,No
"Senior Software Engineer, Delivery Service",Engineering,1,United States,United States,Not specified,No
"Senior Systems Engineer, Salesforce",Enterprise Tech,1,"Bengaluru, Karnataka, India","Bengaluru, Karnataka, India",Not specified,No
Senior Technical Program Manager,Product,1,"Dublin, County Dublin, Ireland","Dublin, County Dublin, Ireland",Not specified,No
"Senior Technical Program Manager, Business Technology",Enterprise Tech,1,"Remote, United States","Remote, United States",Not specified,Yes
"Silver Spring, MD Territory Account Executive",Sales,1,"Silver Spring, Maryland, United States","Silver Spring, Maryland, United States",Not specified,No
Software Engineer II - MLOps,Engineering,1,"Bengaluru, Karnataka, India","Bengaluru, Karnataka, India",Not specified,No
Software Engineer II- Funds Management,Engineering,1,"Dublin, County Dublin, Ireland","Dublin, County Dublin, Ireland",Not specified,No
Software Engineer II-Full Stack,Engineering,1,"Dublin, County Dublin, Ireland","Dublin, County Dublin, Ireland",Not specified,No
"Staff Android Engineer, New Ventures",Engineering,1,"Boston, Massachusetts, United States","Boston, Massachusetts, United States",Not specified,No
Staff Data Scientist,Engineering,1,"Remote, United States","Remote, United States",Not specified,Yes
Staff Software Engineer,Enterprise Tech,1,"Remote, United States","Remote, United States",Not specified,Yes
Staff Software Engineer - Enterprise Payments,Engineering,1,"Bengaluru, Karnataka, India","Bengaluru, Karnataka, India",Not specified,No
"Staff Software Engineer, Ads & Insights",Engineering,1,United States,United States,Not specified,No
"Staff Software Engineer, Guest CRM",Engineering,1,"Dublin, County Dublin, Ireland","Dublin, County Dublin, Ireland",Not specified,No
"Staff Software Engineer, Guest Engagement",Engineering,1,"Dublin, County Dublin, Ireland","Dublin, County Dublin, Ireland",Not specified,No
"Staff Software Engineer, Retail Integrations",Engineering,1,"Boston, Massachusetts, United States","Boston, Massachusetts, United States",Not specified,No
"Staff Software Engineer, Toast Tables",Engineering,1,"Boston, Massachusetts, United States","Boston, Massachusetts, United States",Not specified,No
"Staff System Engineer, Zuora Billing",Enterprise Tech,1,"Bengaluru, Karnataka, India","Bengaluru, Karnataka, India",Not specified,No
Tech TA Partner (Contractor),People & Places,1,"Remote, United States","Remote, United States",Not specified,Yes
"Technical Product Manager, People Products",People & Places,1,,,Not specified,No
"Territory Account Executive (Mandarin), Strategic Cuisines - Las Vegas, NV",Sales,1,"Las Vegas, Nevada, United States","Las Vegas, Nevada, United States",Not specified,No
"Territory Account Executive (Mandarin), Strategic Cuisines -LA North",Sales,1,"Los Angeles, California, United States","Los Angeles, California, United States",Not specified,No
"Territory Account Executive (Spanish), Strategic Cuisines - Dallas, TX",Sales,1,"Dallas, Texas, United States","Dallas, Texas, United States",Not specified,No
"Territory Account Executive (Spanish), Strategic Cuisines - Jacksonville, FL",Sales,1,"Jacksonville, Florida, United States","Jacksonville, Florida, United States",Not specified,No
"Territory Account Executive (Spanish), Strategic Cuisines - Los Angeles, CA",Sales,1,"Los Angeles, California, United States","Los Angeles, California, United States",Not specified,No
"Territory Account Executive (Spanish), Strategic Cuisines - San Bernardino, CA",Sales,1,"San Bernardino, California, United States","San Bernardino, California, United States",Not specified,No
"Territory Account Executive (Spanish), Strategic Cuisines -LA Valley",Sales,1,"Los Angeles, California, United States","Los Angeles, California, United States",Not specified,No
"Territory Account Executive , SMB - Newton, MA",Sales,1,"Newton, Massachusetts, United States","Newton, Massachusetts, United States",Not specified,No
"Territory Account Executive , SMB - Waterbury, CT",Sales,1,"Waterbury, Connecticut, United States","Waterbury, Connecticut, United States",Not specified,No
"Territory Account Executive , SMB- GTA West (Mississauga)",Sales,1,"Mississauga, Ontario, Canada","Mississauga, Ontario, Canada",Not specified,No
Territory Account Executive - Allentown PA,Sales,1,"Allentown, Pennsylvania, United States","Allentown, Pennsylvania, United States",Not specified,No
"Territory Account Executive, Retail - Albany NY",Sales,1,"Albany, New York, United States","Albany, New York, United States",Not specified,No
"Territory Account Executive, Retail - Augusta GA",Sales,1,"Augusta, Georgia, United States","Augusta, Georgia, United States",Not specified,No
"Territory Account Executive, Retail - Bellevue, WA",Sales,1,"Bellevue, Washington, United States","Bellevue, Washington, United States",Not specified,No
"Territory Account Executive, Retail - Binghamton, NY",Sales,1,"Binghamton, New York, United States","Binghamton, New York, United States",Not specified,No
"Territory Account Executive, Retail - Buffalo, NY",Sales,1,"Buffalo, New York, United States","Buffalo, New York, United States",Not specified,No
"Territory Account Executive, Retail - Burbank, CA",Sales,1,"Burbank, California, United States","Burbank, California, United States",Not specified,No
"Territory Account Executive, Retail - Burlington, VT",Sales,1,"Burlington, Vermont, United States","Burlington, Vermont, United States",Not specified,No
"Territory Account Executive, Retail - Charleston, SC",Sales,1,"Charleston, South Carolina, United States","Charleston, South Carolina, United States",Not specified,No
"Territory Account Executive, Retail - Cincinnati, OH",Sales,1,"Cincinnati, Ohio, United States","Cincinnati, Ohio, United States",Not specified,No
"Territory Account Executive, Retail - Columbus, GA",Sales,1,"Columbus, Georgia, United States","Columbus, Georgia, United States",Not specified,No
"Territory Account Executive, Retail - Daytona, FL",Sales,1,"Daytona Beach, Florida, United States","Daytona Beach, Florida, United States",Not specified,No
"Territory Account Executive, Retail - Glendale, CA",Sales,1,"Glendale, California, United States","Glendale, California, United States",Not specified,No
"Territory Account Executive, Retail - Greenville, SC",Sales,1,"Greenville, South Carolina, United States","Greenville, South Carolina, United States",Not specified,No
"Territory Account Executive, Retail - Kansas City, MO",Sales,1,"Kansas City, Missouri, United States","Kansas City, Missouri, United States",Not specified,No
"Territory Account Executive, Retail - Kingston NY",Sales,1,"Kingston, New York, United States","Kingston, New York, United States",Not specified,No
"Territory Account Executive, Retail - Memphis, TN",Sales,1,"Memphis, Tennessee, United States","Memphis, Tennessee, United States",Not specified,No
"Territory Account Executive, Retail - Metro Dallas South",Sales,1,"Dallas, Texas, United States","Dallas, Texas, United States",Not specified,No
"Territory Account Executive, Retail - Minneapolis, MN",Sales,1,"Minneapolis, Minnesota, United States","Minneapolis, Minnesota, United States",Not specified,No
"Territory Account Executive, Retail - Montgomery, AL",Sales,1,"Montgomery, Alabama, United States","Montgomery, Alabama, United States",Not specified,No
"Territory Account Executive, Retail - North Atlanta, GA",Sales,1,"Marietta, Georgia, United States","Marietta, Georgia, United States",Not specified,No
"Territory Account Executive, Retail - Olympia, WA",Sales,1,"Olympia, Washington, United States","Olympia, Washington, United States",Not specified,No
"Territory Account Executive, Retail - Pasadena, CA",Sales,1,"Pasadena, California, United States","Pasadena, California, United States",Not specified,No
"Territory Account Executive, Retail - Poughkeepsie NY",Sales,1,"Poughkeepsie, New York, United States","Poughkeepsie, New York, United States",Not specified,No
"Territory Account Executive, Retail - Rochester, NY",Sales,1,"Rochester, New York, United States","Rochester, New York, United States",Not specified,No
"Territory Account Executive, Retail - Savannah GA",Sales,1,"Savannah, Georgia, United States","Savannah, Georgia, United States",Not specified,No
"Territory Account Executive, Retail - Seattle, WA",Sales,1,"Seattle, Washington, United States","Seattle, Washington, United States",Not specified,No
"Territory Account Executive, Retail - Tacoma, WA",Sales,1,"Tacoma, Washington, United States","Tacoma, Washington, United States",Not specified,No
"Territory Account Executive, Retail - Tampa, FL",Sales,1,"Tampa, Florida, United States","Tampa, Florida, United States",Not specified,No
"Territory Account Executive, Retail - West Atlanta, GA",Sales,1,"Atlanta, Georgia, United States","Atlanta, Georgia, United States",Not specified,No
"Territory Account Executive, SMB - Baton Rouge, LA",Sales,1,"Baton Rouge, Louisiana, United States","Baton Rouge, Louisiana, United States",Not specified,No
"Territory Account Executive, SMB - Eastern Tennessee",Sales,1,"Tennessee, United States","Tennessee, United States",Not specified,No
"Territory Account Executive, SMB - Fairfield, CA",Sales,1,"Fairfield, California, United States","Fairfield, California, United States",Not specified,No
"Territory Account Executive, SMB - Fort Wayne, IN",Sales,1,"Fort Wayne, Indiana, United States","Fort Wayne, Indiana, United States",Not specified,No
"Territory Account Executive, SMB - Greater Philadelphia, PA",Sales,1,"Philadelphia, Pennsylvania, United States","Philadelphia, Pennsylvania, United States",Not specified,No
"Territory Account Executive, SMB - Joliet, IL",Sales,1,"Joliet, Illinois, United States","Joliet, Illinois, United States",Not specified,No
"Territory Account Executive, SMB - Kansas City, MO",Sales,1,"Kansas City, Missouri, United States","Kansas City, Missouri, United States",Not specified,No
"Territory Account Executive, SMB - Las Vegas, NV",Sales,1,"Las Vegas, Nevada, United States","Las Vegas, Nevada, United States",Not specified,No
"Territory Account Executive, SMB - Milwaukee, WI",Sales,1,"Milwaukee, Wisconsin, United States","Milwaukee, Wisconsin, United States",Not specified,No
"Territory Account Executive, SMB - Napa Valley, CA",Sales,1,"Napa County, California, United States","Napa County, California, United States",Not specified,No
"Territory Account Executive, SMB - Oklahoma City, OK",Sales,1,"Oklahoma City, Oklahoma, United States","Oklahoma City, Oklahoma, United States",Not specified,No
"Territory Account Executive, SMB - Orange County, CA",Sales,1,"Orange County, California, United States","Orange County, California, United States",Not specified,No
"Territory Account Executive, SMB - Sacramento, CA",Sales,1,"Sacramento, California, United States","Sacramento, California, United States",Not specified,No
"Territory Account Executive, SMB - Salem, OR",Sales,1,"Salem, Oregon, United States","Salem, Oregon, United States",Not specified,No
"Territory Account Executive, SMB - San Francisco, CA",Sales,1,"San Francisco, California, United States","San Francisco, California, United States",Not specified,No
"Territory Account Executive, SMB - San Jose, CA",Sales,1,"San Jose, California, United States","San Jose, California, United States",Not specified,No
"Territory Account Executive, SMB - Strongsville, OH",Sales,1,"Strongsville, Ohio, United States","Strongsville, Ohio, United States",Not specified,No
"Territory Account Executive, SMB - Tacoma, WA",Sales,1,"Tacoma, Washington, United States","Tacoma, Washington, United States",Not specified,No
"Territory Account Executive, SMB - Toms River, NJ",Sales,1,"Toms River, New Jersey, United States","Toms River, New Jersey, United States",Not specified,No
"Territory Account Executive, SMB - Ventura, CA",Sales,1,"Ventura, California, United States","Ventura, California, United States",Not specified,No
"Territory Account Executive, SMB- Eugene, OR",Sales,1,"Eugene, Oregon, United States","Eugene, Oregon, United States",Not specified,No
"Vineland, NJ Territory Account Executive",Sales,1,"Vineland, New Jersey, United States","Vineland, New Jersey, United States",Not specified,No
West Coast - Inside Strategic Cuisines Account Executive - Spanish,Sales,1,United States,United States,Not specified,No
Zuora Admin,Enterprise Tech,1,"Bengaluru, Karnataka, India","Bengaluru, Karnataka, India",Not specified,No
